GENDER,AGE,SMOKING,YELLOW_FINGERS,ANXIETY,PEER_PRESSURE,CHRONIC DISEASE,FATIGUE,ALLERGY,WHEEZING,ALCOHOL CONSUMING,COUGHING,SHORTNESS OF BREATH,SWALLOWING DIFFICULTY,CHEST PAIN
1,69,1,1,1,2,2,1,2,1,2,1,2,2,1
0,83,1,2,1,1,2,2,2,1,1,1,1,1,1
0,75,2,2,2,1,1,2,1,1,1,1,2,2,2
0,78,1,2,2,1,1,1,1,2,2,1,1,1,1
1,75,1,1,2,1,1,2,1,1,1,1,2,1,1
1,47,2,2,1,1,1,1,2,2,1,2,1,1,1
1,63,1,2,2,2,1,2,2,1,1,2,2,2,2
1,32,2,1,2,1,2,2,1,2,2,2,1,1,1
1,81,2,1,1,2,1,2,2,2,1,1,2,1,2
0,53,2,1,2,2,2,1,2,1,1,1,2,1,2
0,55,2,1,1,1,2,2,2,2,2,1,1,2,2
0,74,2,2,2,1,1,1,2,1,1,2,1,1,1
1,44,1,2,1,1,1,2,2,2,1,1,1,2,2
0,58,2,2,1,1,1,1,2,2,2,2,1,2,2
0,80,2,1,1,1,1,1,2,2,2,2,1,1,1
0,40,2,2,1,1,2,1,2,1,1,2,2,2,2
1,49,1,1,2,2,2,1,2,1,2,2,2,2,2
0,56,2,2,2,2,2,2,1,1,2,1,2,2,2
0,36,1,2,2,1,2,2,2,2,2,1,2,2,2
0,83,1,1,2,2,1,2,1,1,1,2,1,2,2
1,56,1,1,1,2,2,2,2,1,1,1,1,2,1
0,80,1,1,1,2,1,1,2,2,2,1,1,1,2
1,32,1,2,1,2,2,1,1,2,1,2,1,1,1
0,26,2,1,2,1,2,2,2,1,2,1,2,2,1
0,69,2,2,2,1,1,2,1,2,2,1,1,2,1
1,57,2,1,1,1,1,2,2,1,1,2,2,1,2
0,68,1,1,1,1,1,2,1,2,2,2,1,2,1
1,80,1,2,1,2,1,2,2,2,2,1,1,2,1
0,73,1,2,1,1,1,1,2,2,1,2,1,2,1
1,78,2,2,1,2,2,2,2,1,1,1,2,1,2
1,77,1,2,2,2,1,2,1,2,2,1,2,2,2
0,57,1,1,1,2,2,2,2,2,2,1,1,2,2
1,45,2,1,2,1,1,1,2,1,1,2,1,2,1
1,82,1,2,2,1,1,2,1,2,1,1,1,1,1
0,62,2,1,1,2,2,1,1,1,2,2,1,1,1
1,69,1,2,2,2,2,1,2,2,2,1,1,1,1
1,35,1,2,2,2,2,1,1,2,2,2,2,2,1
1,26,2,2,2,1,1,2,2,2,2,2,1,2,1
0,76,1,1,2,2,2,1,1,1,2,1,2,2,2
1,50,2,2,1,1,2,2,1,1,1,1,1,2,2
0,72,2,2,2,2,1,1,2,2,1,1,1,2,2
0,83,1,2,2,1,1,2,2,2,1,2,1,1,1
1,57,2,1,2,2,2,1,1,1,2,2,2,2,2
0,74,2,1,1,2,2,2,1,2,2,1,2,2,1
0,38,1,2,2,2,1,1,1,2,1,2,2,1,1
1,33,1,2,2,2,1,2,2,1,2,1,1,2,2
1,79,1,1,2,1,1,1,1,2,2,1,1,1,1
0,77,2,1,2,1,1,1,2,2,2,1,2,1,1
0,48,1,1,1,1,1,1,1,1,2,2,2,2,2
0,60,1,1,2,2,1,1,2,1,1,2,1,2,2
0,76,2,1,2,1,2,2,2,2,2,1,2,2,1
1,71,2,2,1,1,2,2,2,1,1,2,2,1,1
1,58,2,1,2,2,1,2,2,1,1,2,1,2,1
1,61,1,1,1,1,2,1,2,2,2,2,2,2,1
1,82,2,1,1,1,1,1,1,1,1,1,1,2,1
1,47,2,1,2,2,1,2,1,1,2,1,2,2,2
1,64,2,1,2,1,1,2,2,1,2,2,2,1,1
1,42,2,2,2,1,2,1,1,2,2,1,1,1,1
0,63,2,2,1,1,2,2,1,2,1,1,1,2,2
1,58,1,1,2,1,2,2,1,2,2,2,1,2,1
1,75,2,1,2,2,2,1,2,1,1,1,2,2,1
0,67,1,1,2,1,2,1,1,2,2,2,2,1,1
0,69,2,2,2,1,1,1,2,1,2,1,2,1,2
0,76,1,1,1,1,1,2,1,2,1,2,2,1,2
1,77,2,1,1,2,2,2,2,2,1,2,1,2,1
0,41,2,2,1,2,2,1,1,1,2,2,2,1,2
1,45,2,1,2,1,1,2,2,2,1,1,2,1,1
0,57,2,1,1,1,1,2,1,1,1,2,2,1,2
0,70,1,1,2,1,1,1,2,2,1,1,1,1,1
1,66,2,1,1,1,1,2,1,2,1,1,2,2,1
1,61,1,1,1,2,2,1,2,2,1,2,2,1,2
1,50,1,2,1,2,1,2,2,1,2,2,1,1,1
0,57,2,1,1,2,1,2,1,2,1,1,1,1,2
0,81,1,1,1,2,1,1,2,1,2,1,2,2,1
1,25,2,1,1,2,2,1,2,2,2,1,1,1,2
0,41,2,2,2,1,1,1,1,1,1,1,1,2,1
0,47,2,2,2,1,2,2,2,1,1,2,2,1,2
0,84,1,1,2,1,1,2,1,1,2,1,2,2,1
1,45,1,1,2,1,1,2,1,2,2,2,2,2,2
0,75,2,2,2,2,2,1,1,1,2,1,1,2,1
1,33,2,1,2,2,1,2,1,1,2,2,1,1,1
0,50,1,2,2,1,1,1,1,1,2,1,2,2,2
1,73,2,2,1,2,2,2,1,2,2,2,2,2,2
1,30,1,2,1,2,1,1,1,1,1,2,2,2,2
0,39,2,2,2,1,1,1,2,2,2,1,1,2,2
0,37,1,2,1,1,2,2,1,2,2,2,2,2,1
1,63,1,1,1,1,2,2,2,1,2,2,2,1,2
1,32,1,2,1,1,1,2,1,2,1,2,1,2,2
0,61,2,2,1,1,1,1,1,2,2,2,2,2,2
1,58,2,1,1,2,2,2,1,2,1,2,1,2,1
1,30,1,2,1,1,2,2,2,2,1,1,1,2,1
1,84,2,1,1,2,2,2,2,2,2,2,2,2,1
0,42,1,1,1,2,1,1,2,2,1,2,2,1,2
0,59,2,1,1,2,2,2,1,2,1,1,1,2,1
0,64,2,1,2,2,1,1,2,2,1,1,1,1,1
0,40,1,1,1,2,1,2,2,1,1,2,2,1,2
1,34,2,2,2,1,2,1,2,1,2,2,2,1,2
0,78,1,2,2,2,1,2,2,1,2,2,1,2,2
0,45,1,2,2,2,1,1,1,2,2,2,1,1,1
1,56,1,2,1,1,2,1,2,1,1,2,1,1,1
